Jennifer Davis,actor/actress,flexitarian
Joseph Wilson,actor/actress,vegetarian
Michael Miller,actor/actress,flexitarian
William Taylor,actor/actress,vegetarian
David Taylor,actor/actress,flexitarian
Barbara Moore,actor/actress,flexitarian
Robert Taylor,actor/actress,flexitarian
Jennifer Williams,actor/actress,vegetarian
Sarah Moore,actor/actress,flexitarian
Patricia Brown,actor/actress,vegetarian
Thomas Miller,actor/actress,normal
Barbara Brown,actor/actress,normal
Karen Miller,actor/actress,normal
James Taylor,actor/actress,flexitarian
Jennifer Jones,actor/actress,flexitarian
Karen Williams,actor/actress,flexitarian
Charles Moore,actor/actress,flexitarian
Thomas Williams,actor/actress,vegetarian
Jessica Smith,actor/actress,normal
John Wilson,actor/actress,vegetarian
Karen Johnson,actor/actress,flexitarian
Susan Johnson,actor/actress,vegetarian
Linda Davis,actor/actress,flexitarian
Joseph Taylor,actor/actress,flexitarian
Robert Moore,actor/actress,vegetarian
Robert Taylor,actor/actress,normal
Elizabeth Davis,actor/actress,flexitarian
Sarah Brown,actor/actress,flexitarian
Richard Moore,actor/actress,normal
Mary Smith,actor/actress,normal
Michael Taylor,actor/actress,flexitarian
Robert Williams,actor/actress,normal
Elizabeth Taylor,actor/actress,vegetarian
William Wilson,actor/actress,vegetarian
Linda Taylor,actor/actress,vegetarian
Linda Smith,actor/actress,normal
Michael Davis,actor/actress,vegetarian
Linda Taylor,actor/actress,vegetarian
Thomas Davis,actor/actress,vegetarian
William Miller,actor/actress,flexitarian
Susan Davis,actor/actress,flexitarian
Susan Miller,actor/actress,flexitarian
Joseph Taylor,actor/actress,normal
David Moore,actor/actress,vegetarian
John Smith,actor/actress,flexitarian
Jessica Moore,actor/actress,flexitarian
Karen Moore,actor/actress,normal
Jessica Johnson,actor/actress,normal
Elizabeth Jones,actor/actress,vegetarian
Joseph Wilson,actor/actress,flexitarian
Karen Moore,actor/actress,vegetarian
Barbara Miller,actor/actress,vegetarian
William Williams,actor/actress,vegetarian
Joseph Taylor,actor/actress,flexitarian
Robert Smith,actor/actress,vegetarian
David Taylor,actor/actress,flexitarian
Mary Williams,actor/actress,flexitarian
Richard Moore,actor/actress,normal
Jennifer Smith,actor/actress,flexitarian
Charles Miller,actor/actress,vegetarian
David Davis,actor/actress,normal
Jessica Miller,actor/actress,normal
Linda Moore,actor/actress,vegetarian
James Williams,actor/actress,flexitarian
Michael Jones,actor/actress,flexitarian
Charles Davis,actor/actress,normal
Sarah Miller,actor/actress,flexitarian
Elizabeth Jones,actor/actress,flexitarian
Mary Moore,actor/actress,flexitarian
Patricia Johnson,actor/actress,flexitarian
Jessica Williams,actor/actress,normal
Elizabeth Jones,actor/actress,normal
Jessica Taylor,actor/actress,vegetarian
Barbara Brown,actor/actress,normal
Charles Smith,actor/actress,normal
Richard Brown,actor/actress,vegetarian
Robert Brown,actor/actress,normal
Barbara Brown,actor/actress,flexitarian
Susan Wilson,actor/actress,normal
Charles Moore,actor/actress,normal
John Miller,actor/actress,normal
William Davis,actor/actress,flexitarian
Michael Moore,actor/actress,flexitarian
Mary Jones,actor/actress,flexitarian
John Wilson,actor/actress,vegetarian
Jennifer Wilson,actor/actress,vegetarian
William Miller,actor/actress,normal
Mary Brown,actor/actress,normal
Charles Smith,actor/actress,normal
Karen Wilson,actor/actress,normal
Mary Wilson,actor/actress,normal
Susan Williams,actor/actress,flexitarian
Jessica Wilson,actor/actress,flexitarian
Susan Williams,actor/actress,flexitarian
Michael Brown,actor/actress,normal
Elizabeth Johnson,actor/actress,normal
Charles Davis,actor/actress,vegetarian
Jennifer Williams,actor/actress,normal
Sarah Davis,actor/actress,normal
Sarah Taylor,actor/actress,vegetarian
Jennifer Taylor,actor/actress,flexitarian
Michael Johnson,actor/actress,vegetarian
Patricia Johnson,actor/actress,normal
William Wilson,actor/actress,flexitarian
Jessica Johnson,actor/actress,normal
Linda Taylor,actor/actress,normal
Karen Brown,actor/actress,flexitarian
James Jones,actor/actress,flexitarian
Jennifer Wilson,actor/actress,normal
James Jones,actor/actress,normal
Susan Williams,actor/actress,normal
Sarah Williams,actor/actress,normal
Charles Smith,actor/actress,normal
Sarah Wilson,actor/actress,flexitarian
Michael Brown,actor/actress,vegetarian
Charles Moore,actor/actress,normal
Barbara Brown,actor/actress,flexitarian
Linda Brown,actor/actress,vegetarian
John Moore,actor/actress,flexitarian
Jennifer Johnson,actor/actress,vegetarian
Joseph Taylor,actor/actress,flexitarian
James Miller,actor/actress,normal
Sarah Wilson,actor/actress,flexitarian
Charles Jones,actor/actress,flexitarian
Mary Smith,actor/actress,flexitarian
Linda Miller,actor/actress,flexitarian
David Davis,actor/actress,vegetarian
Richard Davis,actor/actress,normal
Linda Brown,actor/actress,normal
Karen Smith,actor/actress,normal
William Smith,actor/actress,normal
Mary Jones,actor/actress,normal
