Non-Vegetarian Desserts,Flexitarian Desserts,Vegetarian Desserts
Chocolate Cake,Fruit Tart,Carrot Cake
Cheesecake,Apple Pie,Chocolate Chip Cookies
Tiramisu,Blueberry Muffins,Peanut Butter Cookies
Red Velvet Cake,Strawberry Shortcake,Oatmeal Raisin Cookies
Carrot Cake,Banana Bread,Brownies
Pecan Pie,Pumpkin Pie,Peanut Butter and Jelly Sandwich Cookies
Chocolate Chip Cookies,Lemon Bars,Sugar Cookies
Peanut Butter Cookies,Cherry Pie,Gingerbread Cookies
Oatmeal Raisin Cookies,Key Lime Pie,Macarons
Brownies,Chocolate Pudding,Banana Pudding