Deserturi Non-vegetariene,Deserturi flexitariene,Deserturi vegetariene
Tort cu ciocolata,Tarta cu fructe,Tort cu morcovi
Cheesecake,Plăcintă cu mere,Prăjituri cu ciocolată
Tiramisu,Brioșe cu afine,Prăjituri cu unt de arahide
Tort de catifea roșie,Prăjitură cu căpșuni,Prăjituri cu stafide cu fulgi de ovăz
Tort cu morcovi,Pâine cu banane,Bruneuri
Plăcintă cu nuci pecan,Plăcintă cu dovleac,Prăjituri cu unt de arahide și jeleu
Biscuiți cu ciocolată,Batoane de lămâie,Prăjituri cu zahăr
Biscuiți cu unt de arahide,Plăcintă cu cireșe,Turtă dulce
Biscuiți cu stafide cu fulgi de ovăz,Plăcintă cu lime,Macarons
Brownie,Budincă de ciocolată,Budincă de banane