Non-Vegetarian Soups,Flexitarian Soups,Vegetarian Soups,
Chicken Noodle Soup,Black Bean Soup,Tomato Soup,
Beef and Barley Soup,Minestrone Soup,Split Pea Soup,
Clam Chowder,Corn and Crab Soup,Broccoli Cheddar Soup,
Lobster Bisque,Beef and Vegetable Soup,Mushroom Barley Soup,
Beef and Vegetable Soup,Turkey Chili,Lentil Soup,
Chicken and Rice Soup,Ham and Bean Soup,Butternut Squash Soup,
Chicken and Dumpling Soup,Shrimp and Corn Chowder,Black Bean and Sweet Potato Soup,
Beef and Noodle Soup,Beef and Mushroom Soup,Curried Red Lentil Soup,
Chicken and Wild Rice Soup,Turkey and Wild Rice Soup,Roasted Vegetable Soup,
Chicken Tortilla Soup,Chicken and Sausage Gumbo,Asparagus Soup,