Tim Burton,director (4 episodes 2022),flexitarian
James Marshall,director (2 episodes 2022),flexitarian
Gandja Monteiro,director (2 episodes 2022),normal
Charles Addams,based on characters created by (8 episodes 2022),flexitarian
Alfred Gough,writer (4 episodes 2022),normal
Miles Millar,writer (4 episodes 2022),normal
Kayla Alpert,writer (2 episodes 2022),flexitarian
April Blair,writer (2 episodes 2022),flexitarian
Matt Lambert,writer (1 episodes 2022),normal
Jenna Ortega,actor/actress: Wednesday Addams (8 episodes 2022),flexitarian
Gwendoline Christie,actor/actress: Principal Larissa Weems (8 episodes 2022),normal
Riki Lindhome,actor/actress: Dr. Valerie Kinbott (8 episodes 2022),normal
Emma Myers,actor/actress: Enid Sinclair (8 episodes 2022),normal
Joy Sunday,actor/actress: Bianca Barclay (8 episodes 2022),vegetarian
Naomi J. Ogawa,actor/actress: Yoko Tanaka (8 episodes 2022),normal
Christina Ricci,actor/actress: Marilyn Thornhill (8 episodes 2022),flexitarian
Jamie McShane,actor/actress: Sheriff Donovan Galpin (8 episodes 2022),normal
Hunter Doohan,actor/actress: Tyler Galpin (8 episodes 2022),normal
Percy Hynes White,actor/actress: Xavier Thorpe (8 episodes 2022),flexitarian
Georgie Farmer,actor/actress: Ajax Petropolus (8 episodes 2022),vegetarian
Johnna Dias-Watson,actor/actress: Divina (8 episodes 2022),flexitarian
Oliver Watson,actor/actress: Kent (8 episodes 2022),normal
Victor Dorobantu,actor/actress: Thing (8 episodes 2022),vegetarian
Moosa Mostafa,actor/actress: Eugene Ottinger (8 episodes 2022),flexitarian
Daniel Himschoot,actor/actress: Hyde Monster (8 episodes 2022),flexitarian
Luyanda Unati Lewis-Nyawo,actor/actress: Deputy Ritchie Santiago (8 episodes 2022),vegetarian
Iman Marson,actor/actress: Lucas (8 episodes 2022),flexitarian
Calum Ross,actor/actress: Rowan Laslow (8 episodes 2022),normal
Cezar Grumazescu,actor/actress: Coach Vlad (8 episodes 2022),flexitarian
Tommie Earl Jenkins,actor/actress: Mayor Noble Walker (8 episodes 2022),flexitarian
Catherine Zeta-Jones,actor/actress: Morticia Addams (8 episodes 2022),vegetarian
Morgan Beale,actor/actress: Jonah (8 episodes 2022),normal
George Burcea,actor/actress: Lurch (8 episodes 2022),flexitarian
Islam Bouakkaz,actor/actress: Carter (8 episodes 2022),flexitarian
William Houston,actor/actress: Joseph Crackstone (8 episodes 2022),flexitarian
Karina Varadi,actor/actress: Wednesday (6yo)  (8 episodes 2022),flexitarian
Rina Mahoney,actor/actress: Janet Ottinger (8 episodes 2022),vegetarian
Georgia Goodman,actor/actress: Sue Ottinger (8 episodes 2022),normal
Murray McArthur,actor/actress: Fabian (8 episodes 2022),flexitarian
Fred Armisen,actor/actress: Uncle Fester (8 episodes 2022),normal
Luis Guzm n,actor/actress: Gomez Addams (8 episodes 2022),flexitarian
Olimpia Malai,actor/actress: The Minister (8 episodes 2022),normal
Isaac Ordonez,actor/actress: Pugsley Addams (8 episodes 2022),vegetarian
Nitin Ganatra,actor/actress: Dr. Anwar (8 episodes 2022),flexitarian
Lucius Hoyos,actor/actress: Young Gomez (8 episodes 2022),vegetarian
Cheherezade Valentine Okotaka Ebale,actor/actress: Lou-Anne Walker (8 episodes 2022),flexitarian
Oliver Wickham,actor/actress: Young Larissa Weems (8 episodes 2022),vegetarian
Edward Kennedy,actor/actress: MC Blood Suckaz (8 episodes 2022),vegetarian
Ismail Kesu,actor/actress: Young Sheriff Walker (8 episodes 2022),vegetarian
Caroline Lawrie,actor/actress: Martha (8 episodes 2022),flexitarian
Lachele Carl,actor/actress: Agnes (8 episodes 2022),vegetarian
Gwen Jones,actor/actress: Young Morticia Addams (8 episodes 2022),vegetarian
Lisa O'Hare,actor/actress: Arlene (8 episodes 2022),normal
Sophia Nomvete,actor/actress: Connie Jorgensen (8 episodes 2022),flexitarian
Ichir  Y ki,actor/actress: Kenichi Tanaka (8 episodes 2022),normal
Amanda Drew,actor/actress: Esther Sinclair (8 episodes 2022),vegetarian
Ryan Ellsworth,actor/actress: Murray Sinclair (8 episodes 2022),flexitarian
Gloria Garcia,actor/actress: Goody's Mom (8 episodes 2022),vegetarian
Gracy Goldman,actor/actress: Gabrielle (8 episodes 2022),normal
Lewis Hayes,actor/actress: Garett Gates (8 episodes 2022),normal
Philip Rosch,actor/actress: Ansel Gates (8 episodes 2022),normal
Michael Okele,actor/actress: Morga(uncredited) (8 episodes 2022),normal
Chloe Cate,actor/actress: Studen(uncredited) (8 episodes 2022),flexitarian
Kayla Alpert,executive producer (8 episodes 2022),normal
Gail Berman,executive producer (8 episodes 2022),vegetarian
Tim Burton,executive producer (8 episodes 2022),vegetarian
Jonathan Glickman,executive producer (8 episodes 2022),normal
Carla Gonz lez Vargas,co-executive producer (8 episodes 2022),flexitarian
Alfred Gough,executive producer (8 episodes 2022),normal
Tommy Harper,executive producer (8 episodes 2022),vegetarian
Nick Iannelli,co-producer (8 episodes 2022),normal
Kevin Lafferty,executive producer (8 episodes 2022),normal
Miles Millar,executive producer (8 episodes 2022),normal
David Minkowski,co-executive producer (8 episodes 2022),normal
Kevin Miserocchi,executive producer (8 episodes 2022),vegetarian
Andrew Mittman,executive producer (8 episodes 2022),normal
Carmen Pepelea,producer (8 episodes 2022),vegetarian
Steve Stark,executive producer (8 episodes 2022),vegetarian
Natalie Testa,associate producer (8 episodes 2022),flexitarian
Todd Williams,co-executive producer (8 episodes 2022),normal
Chris Bacon,music (7 episodes 2022),normal
Danny Elfman,music (4 episodes 2022),vegetarian
Stephan Pehrsson,cinematography (4 episodes 2022),normal
David Lanzenberg,cinematography (4 episodes 2022),normal
Ana Yavari,film editing (4 episodes 2022),normal
Jay Prychidny,film editing (4 episodes 2022),vegetarian
Paul G. Day,film editing (1 episode 2022),normal
Florina Fernandes,casting (8 episodes 2022),flexitarian
Sophie Holland,casting (8 episodes 2022),flexitarian
John Papsidera,casting (8 episodes 2022),vegetarian
Mark Scruton,production design (8 episodes 2022),normal
Adrian Curelea,supervising art director (8 episodes 2022),vegetarian
Ghinea Diana,art direction (8 episodes 2022),normal
Silvia Nancu,art direction (8 episodes 2022),flexitarian
Andrei-Florian Popa,assistant art director / additional standby art director (8 episodes 2022),vegetarian
Serban Porupca,senior art director (8 episodes 2022),flexitarian
Vlad Roseanu,on-set art director / art director (8 episodes 2022),vegetarian
Roxana Alexandru,art direction (3 episodes 2022),flexitarian
Carmen Ratoi,art direction (3 episodes 2022),normal
Laurentiu Zarnoianu,set direction (8 episodes 2022),normal
David Morison,set direction (4 episodes 2022),normal
Rob Hepburn,set direction (4 episodes 2022),vegetarian
Colleen Atwood,costume design (8 episodes 2022),vegetarian
Bianca Boeroiu,makeup artist (8 episodes 2022),vegetarian
Catalin Ciutu,hair stylist supervisor: crowd (8 episodes 2022),flexitarian
Natalie L Costello,special makeup effects artist (8 episodes 2022),flexitarian
Julian Hutcheson,special makeup effects artist (8 episodes 2022),vegetarian
Nirvana Jalalvand,hair & makeup artist: main team (8 episodes 2022),flexitarian
Grace McComisky,prosthetic artist / prosthetic makeup artist (8 episodes 2022),normal
Tara McDonald,hair & makeup designer (8 episodes 2022),flexitarian
Dominic Mombrun,dental effects designer & fabricator (8 episodes 2022),vegetarian
Angela Ruiz Morales,prosthetics artist (8 episodes 2022),flexitarian
Paraschiv Oana,makeup artist (8 episodes 2022),flexitarian
Alexandru Sassu,assistant makeup artist (8 episodes 2022),vegetarian
Bas Schwarz,special effects makeup artist: mouldmaker & props (8 episodes 2022),flexitarian
Rub n Serra,special makeup effects artist (8 episodes 2022),vegetarian
Margo Stefan,hair stylist (8 episodes 2022),normal
Viktoria Stieber,prosthetic makeup artist (8 episodes 2022),flexitarian
Sinead Sweeney,SFX contact lens coordinator (8 episodes 2022),vegetarian
Iuliana Temelie,hair stylist (8 episodes 2022),flexitarian
Clara Tudose,hair & makeup artist (8 episodes 2022),flexitarian
Raquel  lvarez,prosthetic makeup sculptor (8 episodes 2022),normal
Freda Ellis,makeup supervisor (6 episodes 2022),vegetarian
Ripley Dale-Gulston,junior hair & makeup artist (6 episodes 2022),flexitarian
Olimpia Stoicea,hair & makeup artist: main team (6 episodes 2022),vegetarian
Tia Costell,junior hair & makeup artist (4 episodes 2022),vegetarian
Susan Cole,personal hair stylist: Luis Guzman (4 episodes 2022),normal
Jean Carlos de Blas,key hair & makeup artist (4 episodes 2022),vegetarian
Gabriella Havens,makeup artist (3 episodes 2022),flexitarian
Sheherezada Kouchaki,makeup artist (4 episodes 2022),vegetarian
Raluca Moldoveanu,makeup artist (4 episodes 2022),flexitarian
Andrea Dardea Tesdall,special makeup effects artist (3 episodes 2022),vegetarian
Nicoleta Toader,hair stylist: cast (4 episodes 2022),vegetarian
Natalie Fox,additional hair & makeup artist (2 episodes 2022),vegetarian
Niki De Jong,prosthetic makeup artist (1 episode 2022),flexitarian
Ionel Popa,special makeup effects artist (1 episode 2022),vegetarian
Athina Sapanidis,prosthethic makeup artist (1 episode 2022),vegetarian
Razvan Badea,unit production manager / production manager (8 episodes 2022),normal
Irene Iovan Calangiu,health & safety unit production manager: covid (8 episodes 2022),flexitarian
Alexandru Cseh,production manager: second unit (8 episodes 2022),flexitarian
Emma Mallett,unit production manager: additional photography (1 episode 2022),normal
Alexandru Acsinte,assistant director (8 episodes 2022),normal
Emilie Balusson,second second assistant director / co-second assistant director (8 episodes 2022),vegetarian
Bianca Bumbacea,assistant director (8 episodes 2022),normal
Simona Dinu,second assistant director (8 episodes 2022),normal
Mariana Grama,crowd second assistant director (8 episodes 2022),normal
Mircea Hategan,first assistant director (8 episodes 2022),flexitarian
Stefania Ispas,trainee assistant director (8 episodes 2022),normal
Loyzo,third assistant director (8 episodes 2022),flexitarian
Raphael Tudor,third assistant director (8 episodes 2022),vegetarian
Costin Sforaru,assistant director (7 episodes 2022),flexitarian
Sabina Balan,crowd first assistant director (6 episodes 2022),vegetarian
Brett Chan,second unit director (6 episodes 2022),vegetarian
Ada Dumitru,cast assistant (6 episodes 2022),normal
Emyr Glyn Rees,second assistant director / first assistant director (6 episodes 2022),vegetarian
Jessica Kirec,second assistant director (4 episodes 2022),vegetarian
George Walker,first assistant director (4 episodes 2022),vegetarian
Richard O'Brien-Moran,first assistant director (2 episodes 2022),normal
Mihaela Ionita,second assistant director (2 episodes 2022),normal
Alexandra Popa,crowd second assistant director (1 episode 2022),vegetarian
Alexandru Trandafira,crowd assistant director (2 episodes 2022),normal
Sucioaia Alexandra,set dressing painter (8 episodes 2022),vegetarian
Tache Alexandru,graphic designer (8 episodes 2022),flexitarian
Corneliu Mihai Bonciu,sculptor (8 episodes 2022),normal
Rachel Garlick,storyboard artist (8 episodes 2022),vegetarian
Florin Gavrila,lead set dressing painter (8 episodes 2022),normal
Adi Handac,property master (8 episodes 2022),flexitarian
Dana Ilie,art department manager (8 episodes 2022),flexitarian
Alexandru Titus Ipate,action vehicles supervisor (8 episodes 2022),flexitarian
Simona Maican,art department coordinator (8 episodes 2022),flexitarian
Cristian Mihaila,assistant set decorator / set decoration buyer (8 episodes 2022),flexitarian
Cosmin Miroiu,head of greenery (8 episodes 2022),vegetarian
Amalia Mititelu,set dressing painter (8 episodes 2022),vegetarian
Pietro Nume,concept artist (8 episodes 2022),normal
Iulia Petrescu,assistant set decorator (8 episodes 2022),normal
Madalina Ripanu,clearance coordinator (8 episodes 2022),normal
Geaniloni Sandru,lead painter (8 episodes 2022),vegetarian
Eusebiu Sirbu,head graphic designer (8 episodes 2022),vegetarian
Cristina Stefan,graphic designer (8 episodes 2022),vegetarian
Alexandra Tudor,assistant art director (8 episodes 2022),normal
Laurentiu Zarnoianu,leadman (8 episodes 2022),normal
Liviu Antonescu,graphic designer (6 episodes 2022),flexitarian
Madalina Ciosu,set designer (6 episodes 2022),normal
Tudor Iordachescu,set designer (6 episodes 2022),vegetarian
Anca Iscru,set designer (6 episodes 2022),normal
Ana Neag,assistant art director (6 episodes 2022),flexitarian
Iulia Pasarica,assistant art director (6 episodes 2022),vegetarian
Andreea Siminea,set designer (6 episodes 2022),vegetarian
Amy Lockwood,assistant set decorator (4 episodes 2022),normal
Andrew Cherry,storyboard artist (3 episodes 2022),normal
Cristian Darstar,storyboard artist (3 episodes 2022),vegetarian
Adrian Curelea,supervising art director (2 episodes 2022),normal
Serban Porupca,senior art director (2 episodes 2022),flexitarian
Radu Costache,assistant property master (1 episode 2022),vegetarian
Jennifer Keen,first set decoration buyer (1 episode 2022),vegetarian
Karen Krizanovich,production design researcher (1 episode 2022),flexitarian
Ben Livingstone,illustrator (1 episode 2022),flexitarian
Yohann Angelvy,french casting mixer (8 episodes 2022),vegetarian
Michael Baskerville,re-recording mixer (8 episodes 2022),flexitarian
Nicolae Comarzan,sound mixer: second unit (8 episodes 2022),vegetarian
Tony Diaz,adr mixer (8 episodes 2022),normal
Arturo A. Fuenmayor,re-recording mix assistant / additional re-recording mixer (8 episodes 2022),normal
Alastair Gray,dialogue editor (8 episodes 2022),flexitarian
Justin Helle,foley mixer (8 episodes 2022),flexitarian
John Loranger,supervising sound editor (8 episodes 2022),flexitarian
Liviu Lupsa,sound mixer (8 episodes 2022),vegetarian
Kristi McIntyre,adr editor / sound effects editor (8 episodes 2022),vegetarian
Sean Miller,adr recordist (8 episodes 2022),flexitarian
Faustine Pelipel,assistant sound editor (8 episodes 2022),flexitarian
Dan Sexton,sound effects editor (8 episodes 2022),vegetarian
Alex Stylianou,adr recordist (8 episodes 2022),vegetarian
Jamie Sulek,re-recording mixer (8 episodes 2022),normal
Mike Tehrani,adr mixer (8 episodes 2022),vegetarian
Marcus Byrne,adr mixer (7 episodes 2022),normal
Greg Crawford,adr mixer (7 episodes 2022),vegetarian
Juan Martin Del Campo,adr mixer (7 episodes 2022),normal
Tim McKeever,adr mixer (7 episodes 2022),normal
Simon Diggins,adr mixer (6 episodes 2022),flexitarian
Jonathan Gomez,adr mixer (4 episodes 2022),flexitarian
Nathan Jackson,foley editor (1 episode 2022),flexitarian
William Kellerman,foley artist (1 episode 2022),vegetarian
Leslie Liu,adr mixer (2 episodes 2022),vegetarian
Ana Quiroga,audio coordinator (uncredited) (8 episodes 2022),flexitarian
Dan Barcutean,special effects technician (8 episodes 2022),flexitarian
Max Costello,special effects technician (7 episodes 2022),normal
Florin Stoian,special effects technician (8 episodes 2022),flexitarian
Harry Troughton,special effects coordinator (8 episodes 2022),normal
Jason Troughton,special effects supervisor (8 episodes 2022),flexitarian
Adrian Nica,lead technician (4 episodes 2022),vegetarian
Ilinca Angelescu,special effects makeup (1 episode 2022),normal
Yovko Dogandjiiski,special effects supervisor (2 episodes 2022),flexitarian
Antonia Tocheva,special effects office coordinator (2 episodes 2022),normal
Matthew Adams,digital compositor: Ghost VFX Toronto (8 episodes 2022),normal
Oana Bardan,visual effects coordinator (8 episodes 2022),vegetarian
Craig Calvert,visual effects supervisor: Mr. X (8 episodes 2022),vegetarian
Kevin Chandoo,head of studio: Ghost VFX Toronto (8 episodes 2022),flexitarian
Nick Colangelo,visual effects producer: Mr. X (8 episodes 2022),flexitarian
John Coldrick,visual effects supervisor: Rocket Science VFX (8 episodes 2022),vegetarian
Sam Cole,lighting lead: Mr. X (8 episodes 2022),flexitarian
Chris Cooper,cg supervisor: Mr. X (8 episodes 2022),normal
Roger Dalupang,lead render wrangler/pipeline td (8 episodes 2022),vegetarian
Swedyl DSouza,visual effects production manager (8 episodes 2022),normal
Maxime Ducharme,visual effects artist: MELS (2 episodes 2022),flexitarian
Paula Fanaia,digital compositor: Ghost VFX Toronto (8 episodes 2022),vegetarian
Mariah Fleetham,visual effects production assistant: Take 5 VFX (8 episodes 2022),normal
Kathryn Foster,visual effects editor: Ghost VFX Toronto (8 episodes 2022),flexitarian
Ben Funk,lead compositor: Take 5 VFX (8 episodes 2022),normal
Keith Goh,visual effects assistant editor: MPC (8 episodes 2022),vegetarian
Kari-Lyn Gravel,visual effects associate line producer: Stereo D (8 episodes 2022),normal
Jon Howard,visual effects producer: Ghost VFX Toronto (6 episodes 2022),vegetarian
Kent Johnson,visual effects producer (8 episodes 2022),vegetarian
Anna Joukova,compositor: Take 5 VFX / visual effects compositor: Take 5 VFX (8 episodes 2022),normal
Jesse Kawzenuk,on-set visual effects supervisor (8 episodes 2022),vegetarian
Grant Lee,visual effects supervisor: Stereo D (8 episodes 2022),flexitarian
Jake Lunt Davies,concept design (8 episodes 2022),vegetarian
Dumitrana Teodora Lupu,visual effects production assistant (8 episodes 2022),flexitarian
Amy Madigan,visual effects production manager: Stereo D (8 episodes 2022),vegetarian
Yael Majors,visual effects assistant supervisor: Stereo D (3 episodes 2022),flexitarian
Mariano Mendoza,assets lead: Mr. X (8 episodes 2022),normal
Guillermo Molina,lead tools developer (8 episodes 2022),flexitarian
Skye Morandin,visual effects production manager: Stereo D (8 episodes 2022),flexitarian
Tom Nagy,animation supervisor: Mr. X (8 episodes 2022),vegetarian
Ken Nielsen,compositing supervisor: Ghost VFX Toronto (8 episodes 2022),flexitarian
Razvan Nineaca,data wrangler (8 episodes 2022),flexitarian
Anthony O'Connell,Render Wrangler (8 episodes 2022),vegetarian
Catalin Otelea,data wrangler (8 episodes 2022),flexitarian
Matei Ovejan,data wrangler (8 episodes 2022),normal
Alessandro Pantanella,visual effects supervisor: Ghost VFX Toronto (8 episodes 2022),flexitarian
Travis Pond,compositor: Take 5 VFX (8 episodes 2022),vegetarian
Yawar Raja,layout lead: Mr. X (8 episodes 2022),flexitarian
Aditya Sawant,visual effects coordinator: Ghost VFX Toronto (8 episodes 2022),vegetarian
Matt Schofield,vfx head of operations (8 episodes 2022),normal
Ksenia Shutova,compositor: Take 5 VFX (8 episodes 2022),normal
Mark Simone,visual effects producer: Stereo D (8 episodes 2022),flexitarian
Denis St-Pierre,compositor: Take 5 VFX (8 episodes 2022),flexitarian
Ryan Terk,Senior Visual Effects Coordinator / visual effects coordinator: MELS (8 episodes 2022),flexitarian
Jason Teske,rigging lead: Mr. X (8 episodes 2022),vegetarian
Tom Turnbull,visual effects supervisor (8 episodes 2022),flexitarian
Fabi n Varela,visual effects producer: Ghost VFX Toronto (8 episodes 2022),vegetarian
Kelly Weisz,visual effects studio manager: Take 5 VFX (8 episodes 2022),flexitarian
Angela Zhang,visual effects production manager: Mr. X (8 episodes 2022),normal
Kayden Anderson,visual effects producer: Rocket Science VFX (7 episodes 2022),normal
Eddie Englander,visual effects supervisor: Monsters Aliens Robots Zombies (2 episodes 2022),normal
Rashid Khallouk,compositing lead: Mr. X (6 episodes 2022),flexitarian
Timothy Mah,visual effects editor: Rocket Science VFX (7 episodes 2022),vegetarian
Michael Osuszek,visual effects coordinator: Rocket Science VFX (7 episodes 2022),vegetarian
Rodrigo Paiva,compositing lead: Monsters Aliens Robots Zombies (1 episode 2022),vegetarian
Suresh Pandi,lead compositor: Rocket Science VFX / compositor: Rocket Science VFX (7 episodes 2022),normal
Francois Robert,matchmove/layout artist: MELS (3 episodes 2022),vegetarian
Adam Smith,lead compositor: Rocket Science VFX (7 episodes 2022),normal
Sarvesh Amre,visual effects production manager: NetFX Mumbai (6 episodes 2022),flexitarian
Beno t Bri re,visual effects supervisor: MELS (6 episodes 2022),flexitarian
Paul Chambers,assets supervisor: Monsters Aliens Robots Zombies (1 episode 2022),vegetarian
Dipak Gaur,digital compositor: Ghost VFX Toronto (6 episodes 2022),flexitarian
Taraknath Ghosh,paint artist: Stereo D (5 episodes 2022),flexitarian
Baz Lanaris,cg supervisor: MELS (6 episodes 2022),vegetarian
Prateek Mishra,paint artist: Stereo D (5 episodes 2022),vegetarian
Erin Nicholson,cg supervisor: Ghost VFX Toronto (6 episodes 2022),vegetarian
Bikram Singh,paint artist: Stereo D (5 episodes 2022),vegetarian
Khushroo Surveyor,visual effects lighter: Rocket Science VFX (5 episodes 2022),vegetarian
Ramesh Kumar Yanagandhula,paint artist: Stereo D (5 episodes 2022),normal
Lynx Zuo,digital compositor: Ghost VFX Toronto (6 episodes 2022),flexitarian
Patti Gannon,compositor: Take 5 VFX (4 episodes 2022),flexitarian
Tanya Haddad,visual effects producer: Folks VFX (5 episodes 2022),vegetarian
JoAnna Johnson,compositor: Rocket Science VFX (4 episodes 2022),vegetarian
Luca Lim Diniz,visual effects artist: MELS (4 episodes 2022),flexitarian
Brodie McNeill,visual effects supervisor: Folks VFX (5 episodes 2022),flexitarian
Tabata Ortiz,visual effects artist: MELS (4 episodes 2022),vegetarian
Nishant Patel,visual effects lighter: Rocket Science VFX (1 episode 2022),normal
Umapathy Rajarathinam,compositor: Rocket Science VFX (4 episodes 2022),normal
Genesis Rivas,compositor: Take 5 VFX (4 episodes 2022),flexitarian
Manish Rohith,compositing artist: Monsters Aliens Robots Zombies (1 episode 2022),normal
Luca Gabriele Rossetti,digital matte painter/environment supervisor: Monsters Aliens Robots Zombies (1 episode 2022),flexitarian
Salil Thapa,visual effects line producer: NetFX Mumbai (5 episodes 2022),vegetarian
Fran ois Trudel,visual effects artist: MELS / visual effects supervisor: MELS (4 episodes 2022),flexitarian
Wesley While,compositor: Take 5 VFX (5 episodes 2022),flexitarian
Kaylie Whitcher,visual effects producer: Folks VFX (5 episodes 2022),normal
Sarah Wormsbecher,visual effects executive producer: Folks VFX (5 episodes 2022),flexitarian
Summer Zong,cg supervisor: Folks VFX (5 episodes 2022),vegetarian
Oksana Andrulis,visual effects production manager: Folks VFX / animation coordinator: Folks VFX (3 episodes 2022),flexitarian
David Dionne,visual effects artist: MELS (2 episodes 2022),vegetarian
Josh George,fx lead: Folks VFX (3 episodes 2022),normal
James Takashi Higuchi,lighting supervisor: Monsters Aliens Robots Zombies (1 episode 2022),normal
Christopher Jude,compositor: Rocket Science VFX (3 episodes 2022),flexitarian
Jos  Lasa,compositor: Rocket Science VFX / visual effects lighter: Rocket Science VFX (3 episodes 2022),flexitarian
Marco Lee,compositing supervisor: Folks VFX (3 episodes 2022),vegetarian
Dinaaz Mathur,visual effects production coordinator: NetFX Mumbai (4 episodes 2022),vegetarian
Ben McDougal,surfacing lead: Monsters Aliens Robots Zombies (4 episodes 2022),vegetarian
Sumit Mukherjee,paint supervisor: NetFX Mumbai (4 episodes 2022),vegetarian
Isha Nigam,head of production: NetFX Mumbai (4 episodes 2022),vegetarian
Ryan Jae Wook Park,layout supervisor: Folks VFX (3 episodes 2022),normal
Gustavo Sanchez-Perez,fx supervisor: Monsters Aliens Robots Zombies (1 episode 2022),normal
Kyle Sim,head of 2d: Folks VFX (4 episodes 2022),flexitarian
Pankaj Umbarkar,junior paint lead: NetFX Mumbai (4 episodes 2022),normal
Sahil Agrahari,junior paint artist: NetFX Mumbai (2 episodes 2022),flexitarian
Chris Archinet,visual effects artist: MELS (2 episodes 2022),flexitarian
Ajay Kumar Attinti,roto lead: NetFX Mumbai (3 episodes 2022),normal
Samuel Boisvert,visual effects artist: MELS (2 episodes 2022),vegetarian
Reine Bourgault,visual effects artist: MELS (2 episodes 2022),normal
Aakash Chaudhari,roto artist: NetFX Mumbai (2 episodes 2022),flexitarian
Dave David,animation artist: Monsters Aliens Robots Zombies (1 episode 2022),vegetarian
Amod Diwakar,assistant visual effects line producer: Stereo D / visual effects assistant line producer: Stereo D (3 episodes 2022),vegetarian
Nadine Fr ve,lead visual effects editor: Folks VFX / visual effects editor: Folks VFX (2 episodes 2022),vegetarian
Mark Goldberg,compositor (2 episodes 2022),flexitarian
Leonardo Andres Grabau Villalba,visual effects artist: MELS (2 episodes 2022),vegetarian
Jonathan Gr goire,visual effects artist: MELS (3 episodes 2022),normal
Jeanne Hebert,visual effects artist: MELS (2 episodes 2022),flexitarian
Pravin Hodage,2d supervisor: NetFX Mumbai (2 episodes 2022),normal
Cory Humes,animation supervisor: Folks VFX (3 episodes 2022),flexitarian
Siddarth Jambhulkar,compositor: Rocket Science VFX (2 episodes 2022),vegetarian
Mukesh Joshi,senior i/o coordinator: NetFX Mumbai (2 episodes 2022),vegetarian
Simon Lecavalier,cg supervisor: MELS (2 episodes 2022),normal
Christophe Longtin,visual effects artist: MELS (2 episodes 2022),normal
Oleg Memukhin,fx supervisor: Folks VFX (3 episodes 2022),flexitarian
Waseem Mohammed,head of central production: Monsters Aliens Robots Zombies (2 episodes 2022),normal
Dany Richard,visual effects artist: MELS (2 episodes 2022),flexitarian
Nisarg Suthar,lighting supervisor: Folks VFX (3 episodes 2022),flexitarian
Nitesh Sutrave,compositing supervisor: NetFX Mumbai (3 episodes 2022),normal
Sarvesh Talekar,roto artist: NetFX Mumbai (2 episodes 2022),vegetarian
Himani Tyagi,junior paint artist: NetFX Mumbai (2 episodes 2022),flexitarian
Waseem Ahmad Khan,paint artist: Stereo D (1 episode 2022),flexitarian
Rodrigo Albano,environment artist: Monsters Aliens Robots Zombies (1 episode 2022),normal
Don Carlo Alvir,animation artist: Monsters Aliens Robots Zombies (1 episode 2022),normal
Leanndro Amorim,compositing artist: Monsters Aliens Robots Zombies (1 episode 2022),normal
Seshadri Anand,tracking/layout lead: Monsters Aliens Robots Zombies (1 episode 2022),normal
Blake Anderson,visual effects supervisor: VFX Legion (1 episode 2022),vegetarian
Schuyler Anderson,tracking/layout lead: Monsters Aliens Robots Zombies (1 episode 2022),vegetarian
Edwin Arismendez,visual effects artist: MELS (2 episodes 2022),flexitarian
Jessica Bayliss,head of production: Monsters Aliens Robots Zombies (2 episodes 2022),flexitarian
Sudhakar Bhavanasi,deputy manager: Stereo D (1 episode 2022),vegetarian
Alan Bisht,compositing artist: NetFX Mumbai (1 episode 2022),flexitarian
William Blanchette,visual effects artist: MELS (1 episode 2022),vegetarian
Jordan Boulais,visual effects artist: MELS (2 episodes 2022),flexitarian
J. Alan Bradshaw,head of cg: Monsters Aliens Robots Zombies (2 episodes 2022),vegetarian
Peter Braeley,digital matte painter: Folks VFX (1 episode 2022),vegetarian
Charlotte Breton,visual effects editor: Folks VFX (1 episode 2022),normal
Alex Bronfman,sales lead: Monsters Aliens Robots Zombies (2 episodes 2022),flexitarian
Jonathan Bronfman,head of studio: Monsters Aliens Robots Zombies (2 episodes 2022),flexitarian
Dennis Chan,animation artist: Monsters Aliens Robots Zombies (1 episode 2022),flexitarian
Hardik Chauhan,senior compositing artist: NetFX Mumbai (1 episode 2022),flexitarian
Molly Chen,assets artist: Monsters Aliens Robots Zombies (1 episode 2022),normal
Sujesh V. Chitty,concept artist: Folks VFX (1 episode 2022),vegetarian
Nolan Conrad,digital compositor: VFX Legion (1 episode 2022),vegetarian
Andr s Couturier,graphic artist: VFX Legion (1 episode 2022),flexitarian
Madhu Dasyapu,assistant roto supervisor: Stereo D (1 episode 2022),flexitarian
Rodrigo de Angelis,fx artist: Monsters Aliens Robots Zombies (1 episode 2022),vegetarian
Sofia Diaz,lighting artist: Monsters Aliens Robots Zombies (1 episode 2022),normal
Maya Dumont-Deslandes,visual effects studio manager: MELS (1 episode 2022),flexitarian
Abdullah Ecirli,compositing artist: Monsters Aliens Robots Zombies (1 episode 2022),flexitarian
Manoj Kumar Elangovan,tracking & layout artist: Monsters Aliens Robots Zombies (1 episode 2022),vegetarian
Michael Enzbrunner,animation lead: Monsters Aliens Robots Zombies (1 episode 2022),flexitarian
Timothy Fleur,creature artist: Monsters Aliens Robots Zombies (1 episode 2022),vegetarian
Adam Fok,rigging lead: Monsters Aliens Robots Zombies (1 episode 2022),normal
Gil Franco,assets artist: Monsters Aliens Robots Zombies (1 episode 2022),flexitarian
Emily Funk,assets artist: Monsters Aliens Robots Zombies (1 episode 2022),flexitarian
Antonio Gallardo,visual effects producer: VFX Legion (1 episode 2022),normal
Gregory Galliani,modeling lead: Monsters Aliens Robots Zombies (1 episode 2022),flexitarian
Igor Garanovschii,matte painter: Rocket Science VFX (1 episode 2022),vegetarian
Kunal Ghai,paint artist: Stereo D (1 episode 2022),vegetarian
Rakan Ghresi,fx artist: Monsters Aliens Robots Zombies (1 episode 2022),vegetarian
Jimmy Gill,animation artist: Monsters Aliens Robots Zombies (1 episode 2022),vegetarian
Yash Gowda,head of 2d: Monsters Aliens Robots Zombies (2 episodes 2022),normal
Jameer Haider,paint artist: NetFX Mumbai (1 episode 2022),vegetarian
Lewis Hawkes,rigging lead: Monsters Aliens Robots Zombies (1 episode 2022),flexitarian
Jim Hillin,visual effects lighter Ghost VFX Toronto (1 episode 2022),flexitarian
Curtis Hsiung,animator: Rocket Science VFX (2 episodes 2022),normal
Chen Kuang Hsu,tracking & layout artist: Monsters Aliens Robots Zombies (1 episode 2022),flexitarian
Salvatore Iamonte,rigging artist: Monsters Aliens Robots Zombies (1 episode 2022),flexitarian
Pragati Jana,paint artist: Stereo D (1 episode 2022),vegetarian
Juyong Jeon,visual effects artist (2 episodes 2022),flexitarian
Kenny Jia,digital matte painter lead: Monsters Aliens Robots Zombies (1 episode 2022),normal
Laszlo Kalbache,asset artist: Rocket Science VFX (1 episode 2022),vegetarian
Ashraf Karim,senior compositing artist: NetFX Mumbai (1 episode 2022),vegetarian
Sharad Kate,paint artist: Stereo D (1 episode 2022),normal
Min Kim,compositing supervisor: Folks VFX (2 episodes 2022),vegetarian
Jamie Knoop,visual effects production assistant: Stereo D (1 episode 2022),flexitarian
Ashwini Lad,visual effects administrator: Stereo D (1 episode 2022),vegetarian
Nadege Lagueux-Beloin,visual effects artist: MELS (1 episode 2022),vegetarian
Tukaram Landbale,roto artist: NetFX Mumbai (1 episode 2022),vegetarian
Dany Lebrasseur,visual effects artist: MELS (1 episode 2022),vegetarian
Kate T.C. Lin,digital compositor: VFX Legion (1 episode 2022),flexitarian
Matthias Lowry,digital compositor: VFX Legion (1 episode 2022),normal
Jimmy Lue,visual effects coordinator: Folks VFX (1 episode 2022),normal
Jim Maxwell,matte painter: Take 5 VFX (2 episodes 2022),vegetarian
Jay Mehta,paint artist: NetFX Mumbai (1 episode 2022),flexitarian
Kristine Middlemiss,head of technology: Monsters Aliens Robots Zombies (2 episodes 2022),vegetarian
Ali Mio,visual effects producer: Rocket Science VFX (2 episodes 2022),flexitarian
Guto Miranda,compositing artist: Monsters Aliens Robots Zombies (1 episode 2022),flexitarian
Vashishta Mohit,compositing artist: NetFX Mumbai (1 episode 2022),flexitarian
Lon Molnar,head of studio: Monsters Aliens Robots Zombies (2 episodes 2022),flexitarian
Jose Ignacio Narv ez Monroy,compositing lead: Mr. X (2 episodes 2022),flexitarian
Atyeb Muneer,compositing artist: Monsters Aliens Robots Zombies (1 episode 2022),normal
Ganesh Ramdas Nalle,senior roto artist: NetFX Mumbai (1 episode 2022),normal
Michael Naphan,layout artist: Rocket Science VFX (1 episode 2022),vegetarian
Marla Oriol,lighting artist: Monsters Aliens Robots Zombies (1 episode 2022),flexitarian
Daksh Pandya,visual effects artist (2 episodes 2022),vegetarian
Niki Patterson,data technician: Stereo D (1 episode 2022),vegetarian
Aravind Pauldurai,compositing artist: Monsters Aliens Robots Zombies (1 episode 2022),normal
Victor Perez,animation artist: Monsters Aliens Robots Zombies (1 episode 2022),normal
Navin Pinto,rigging artist: Monsters Aliens Robots Zombies (1 episode 2022),vegetarian
Norman Ran,fx lead: Rocket Science VFX (1 episode 2022),normal
Parastu Rezaie,lighting lead: Monsters Aliens Robots Zombies (1 episode 2022),flexitarian
Jean-Christophe Rodier,rigging artist: Monsters Aliens Robots Zombies (1 episode 2022),flexitarian
Dmitry Ryabchuk,environment lead: Monsters Aliens Robots Zombies (1 episode 2022),normal
Maryam Salehi,i/o: MELS (1 episode 2022),normal
Rajvinder Sandhu,lighting artist: Monsters Aliens Robots Zombies (1 episode 2022),vegetarian
Eric Sanford,creature lead: Monsters Aliens Robots Zombies (1 episode 2022),flexitarian
Rohan Sapkal,junior roto artist: NetFX Mumbai (1 episode 2022),flexitarian
Alexandre Savard-Boisvert,digital compositor (1 episode 2022),vegetarian
Mark Schreiber,animator (1 episode 2022),normal
Aryan Sehgal,utility compositor (1 episode 2022),flexitarian
Ronak Shah,fx lead: Monsters Aliens Robots Zombies (1 episode 2022),normal
Neelima Sharma,compositor: NetFX Mumbai (1 episode 2022),normal
Vishal Shitole,i/o coordinator: NetFX Mumbai (1 episode 2022),vegetarian
Casey Sincic,visual effects producer: Monsters Aliens Robots Zombies (2 episodes 2022),flexitarian
Lovelesh Singh,compositing artist: NetFX Mumbai (1 episode 2022),vegetarian
Kalpana Mahapatro Siromani,art director & mattepainting lead (1 episode 2022),flexitarian
Joseph Soloway,visual effects coordinator: VFX Legion (1 episode 2022),vegetarian
Meredith Sproul,show coordinator: Monsters Aliens Robots Zombies (1 episode 2022),normal
Danny Testani,animation artist: Monsters Aliens Robots Zombies (1 episode 2022),vegetarian
Ali Thaheem,creature artist: Monsters Aliens Robots Zombies (1 episode 2022),vegetarian
Hyacinthe Thomas,i/o: MELS (1 episode 2022),flexitarian
Phillip Thomas,animation artist: Monsters Aliens Robots Zombies (1 episode 2022),vegetarian
Susana Vasquez,visual effects production coordinator: Take 5 VFX (2 episodes 2022),vegetarian
Marcus Vinicius,i/o: MELS (1 episode 2022),vegetarian
Louis Vottero,rigging lead: Monsters Aliens Robots Zombies (1 episode 2022),normal
Tina Vuu,visual effects coordinator: VFX Legion (1 episode 2022),normal
Tanja Wax,fx artist: Rocket Science VFX (1 episode 2022),vegetarian
Christina Wise,head of studio: MELS (1 episode 2022),normal
Jill Wu,digital matte painter: Monsters Aliens Robots Zombies (1 episode 2022),normal
Alphonso Young,matte painter: Take 5 VFX (2 episodes 2022),normal
Refo Yovarda,visual effects production assistant: Stereo D (1 episode 2022),normal
Virpalsinh Zala,compositing artist: Monsters Aliens Robots Zombies (1 episode 2022),normal
Abin Abraham,assets lead: MPC (uncredited) (8 episodes 2022),vegetarian
Adrian Bobb,creature artist (uncredited) (8 episodes 2022),vegetarian
Eddie Bonin,visual effects executive: Netflix (uncredited) (8 episodes 2022),normal
R mi Bruschini,pipeline td (uncredited) (8 episodes 2022),normal
Binod Kumar Das,asset supervisor: MPC (uncredited) (8 episodes 2022),normal
Tiago Foa,imaging engineer: Mr. X (uncredited) (8 episodes 2022),flexitarian
Jaime Fok,visual effects editorial lead (uncredited) (8 episodes 2022),vegetarian
J.P. Giamos,head of production: Rocket Science VFX (uncredited) (8 episodes 2022),flexitarian
Martin Hesselink,Animation Supervisor (uncredited) (8 episodes 2022),vegetarian
Rushikesh Chandrashekhar Kamble,3d digital matte painter (uncredited) (8 episodes 2022),normal
Daniel May,visual effects art direction (uncredited) (8 episodes 2022),vegetarian
Rachad Meya,lighting supervisor (uncredited) (8 episodes 2022),flexitarian
Shoupal Panda,texture & lookdev artist (uncredited) (8 episodes 2022),flexitarian
Josephin Peichl,visual effects coordinator: Netflix (uncredited) (8 episodes 2022),vegetarian
Rakesh,3d digital matte painter lead (uncredited) (8 episodes 2022),flexitarian
Kim Rampaul,visual effects coordinator: Netflix (uncredited) (8 episodes 2022),normal
Saha Saikat,texturing & lookdev artist (uncredited) (7 episodes 2022),normal
Seema Schere,matte painter: Monsters Aliens Robots Zombies (uncredited) (8 episodes 2022),normal
Surajit Senapati,3d artist (uncredited) (8 episodes 2022),flexitarian
Satyendra Sharma,compositor: MPC (uncredited) (8 episodes 2022),vegetarian
Prathamesh Ashok Waykole,asset artist: MPC (uncredited) (8 episodes 2022),vegetarian
Dean Wright,visual effects executive: MGM Television (uncredited) (8 episodes 2022),vegetarian
Dylan Botnarenko,digital matte painter: MPC (uncredited) (6 episodes 2022),normal
Arjun Jasmeet Chawla,digital compositor: MPC (uncredited) (5 episodes 2022),normal
Dennis Tae Wook Kim,digital compositor (uncredited) (5 episodes 2022),normal
Hoss Ghaith,cg supervisor (uncredited) (3 episodes 2022),vegetarian
Solyi Ha,compositor: Folks VFX (uncredited) (4 episodes 2022),vegetarian
Caylee Han,compositor: Folks VFX (uncredited) (4 episodes 2022),vegetarian
Krista Wettlaufer,digital artist (uncredited) (3 episodes 2022),vegetarian
Christopher Lee Zammit,concept artist (uncredited) (4 episodes 2022),flexitarian
Felipe Baldo,lighting artist: Folks VFX (uncredited) (3 episodes 2022),normal
Marc-Antoine Blais,digital compositor (uncredited) (2 episodes 2022),vegetarian
Adrien Francomme,digital compositor (uncredited) (2 episodes 2022),flexitarian
Eduardo Gon alves,digital compositor: Monsters Aliens Robots Zombies (uncredited) (2 episodes 2022),normal
Alexander Greenberg,senior compositor: Monsters Aliens Robots Zombies (uncredited) (2 episodes 2022),normal
Prashant Jain,3d digital matte painter (uncredited) (3 episodes 2022),normal
Hossein Karamian,compositor: Monsters Aliens Robots Zombies (uncredited) (2 episodes 2022),vegetarian
Giuseppe Motta,creature supervisor (uncredited) (3 episodes 2022),vegetarian
Chokkarapu Sai Pradeep,visual effects lighting artist (uncredited) (2 episodes 2022),flexitarian
Pedro Roloff,digital compositor (uncredited) (2 episodes 2022),normal
Ilija Sazdovski,layout artist (uncredited) (3 episodes 2022),normal
Jason Schick,digital compositor (uncredited) (2 episodes 2022),vegetarian
Christa Tazzeo,visual effects executive producer: Rocket Science VFX (uncredited) (3 episodes 2022),flexitarian
Sekh Batul Ali,visual effects artist (uncredited) (1 episode 2022),vegetarian
Luca Buonopane,key groom artist: MPC (uncredited) (1 episode 2022),normal
Julian Fadalti,layout artist (uncredited) (1 episode 2022),flexitarian
Nitin Garg,senior lookdev artist: Folks VFX (uncredited) (1 episode 2022),normal
Avinash Kodali,lighting artist (uncredited) (1 episode 2022),normal
Genevieve Morneau,digital compositor: MELS (uncredited) (1 episode 2022),normal
Alex Park,matchmove artist: Folks VFX (uncredited) (1 episode 2022),flexitarian
Evan Roberts,lighting artist (uncredited) (1 episode 2022),vegetarian
Pavankumar Sagiraju,lighting artist (uncredited) (1 episode 2022),flexitarian
Yulia Segura,compositor: Folks VFX (uncredited) (1 episode 2022),normal
Amarjit Singha,3d artist (uncredited) (1 episode 2022),flexitarian
Brett Chan,stunt coordinator (8 episodes 2022),flexitarian
Ionut Cotruta,stunt rigger (8 episodes 2022),normal
Jason Ng,assistant stunt coordinator / cover stunt coordinator (8 episodes 2022),flexitarian
Jenny Umbhau,stunt double: Jenna Ortega (8 episodes 2022),normal
Fanel Ursu,stunt rigger (8 episodes 2022),flexitarian
Andrei Vintileanu,stunt rigger (8 episodes 2022),flexitarian
Daniel Visan,stunts (8 episodes 2022),vegetarian
Nailah Johnson,stunt double: Joy Sunday / stunt performer (2 episodes 2022),flexitarian
Kinga Kives,stunt performer (3 episodes 2022),flexitarian
Alexandre Lopoka,stunt double: Tommie Earl Jenkins (2 episodes 2022),vegetarian
Milena Brewster,stunt double: Johnna Dias-Watson (1 episode 2022),flexitarian
Maxime Coulon,stunt double: Calum Ross (1 episode 2022),vegetarian
Gabrielle Anne Desy,stunt double: Emma Myers (1 episode 2022),normal
Victoria Goodman,stunt performer (1 episode 2022),vegetarian
Daniel Himschoot,stunt double: Percy White (1 episode 2022),vegetarian
Matt Kennedy,stunt performer (1 episode 2022),normal
Kaanchana Kerr,stunt performer (2 episodes 2022),vegetarian
Darlene Pineda,stunt performer (1 episode 2022),vegetarian
Phedra Syndelle,stunt double: Joy Sunday (1 episode 2022),flexitarian
Alexandra Vilcsek,stunt performer (1 episode 2022),normal
Don t B nkuti,digital imaging technician: second unit (8 episodes 2022),vegetarian
Vlad Cioplea,still photographer (8 episodes 2022),vegetarian
David Dorohoianu,second photography assistant (8 episodes 2022),flexitarian
Omar Dughouz,second assistant camera: "a" camera (8 episodes 2022),flexitarian
D niel Farkas,digital imaging technician (8 episodes 2022),flexitarian
Robert Fenichiu,electrician / lighting technician (8 episodes 2022),normal
Cristi Fratoaica,second assistant camera: second unit (8 episodes 2022),vegetarian
Toni Ilinca,video operator (8 episodes 2022),flexitarian
Ochiana Ionut,video assist operator (8 episodes 2022),vegetarian
Andrei Karastanef,second assistant camera: "a" camera (8 episodes 2022),vegetarian
Brad Larner,first assistant camera: "a" camera (8 episodes 2022),vegetarian
Tudor Lucaciu,director of photography: second unit (8 episodes 2022),normal
Radu Marinescu,key grip (8 episodes 2022),normal
Florin Mihalache,gaffer (8 episodes 2022),flexitarian
Mihai Adrian Olteanu,best boy electric (8 episodes 2022),normal
Andrei Petrescu,electrician (8 episodes 2022),flexitarian
Liviu Pojoni Jr.,camera operator: "b" camera (8 episodes 2022),vegetarian
Florea Andrei Stefan,dimmerboard operator/lighting console programmer (8 episodes 2022),flexitarian
Viorel Stefan,crane operator (8 episodes 2022),vegetarian
Adelina Vancea,camera trainee (8 episodes 2022),vegetarian
Petre Victor,camera operator: "b" camera (8 episodes 2022),normal
Rob Arrowsmith,camera operator: "a" camera/steadicam operator main unit (4 episodes 2022),flexitarian
Andrei Cretan,first assistant camera: "b" camera (4 episodes 2022),flexitarian
Fabrizio Sciarra,camera operator: "a" camera/steadicam operator main unit (4 episodes 2022),normal
Boroka Biro,director of photography: epk (2 episodes 2022),vegetarian
Valdas Gulbinauskas,video assistant: additional photography (2 episodes 2022),vegetarian
Matei Popa,second assistant camera: second unit (2 episodes 2022),vegetarian
S ndor  rkus,data management technician (2 episodes 2022),flexitarian
Cornel Biciu,underwater gaffer (1 episode 2022),vegetarian
Neil Bradley,ronin 2 technician: additional photography (1 episode 2022),flexitarian
Alexandru Durac,camera operator: "a" camera/steadicam operator (1 episode 2022),normal
Sarbu Gigi,key grip: second unit (1 episode 2022),vegetarian
Ben Parish,underwater assistant camera (1 episode 2022),normal
Aurelian Radu,grip (2 episodes 2022),flexitarian
Ian Seabrook,underwater director of photography (1 episode 2022),vegetarian
Constantin Stan,second unit (1 episode 2022),flexitarian
Alexandru Bogdan Stefan,crane technician (2 episodes 2022),normal
Bal zs V rszegi,data management technician (2 episodes 2022),vegetarian
Jens Winkler,underwater assistant camera (1 episode 2022),flexitarian
Catalin Popa,photography assistant (uncredited) (8 episodes 2022),normal
Peter Driscoll,key animator (1 episode 2022),normal
Whitney Strouth,animator (uncredited) (1 episode 2022),flexitarian
Emily Bohbrink,casting associate (8 episodes 2022),flexitarian
Sin ad Donnelly,casting assistant: Jenna Ortega (8 episodes 2022),normal
Radu Dragoi,casting assistant (8 episodes 2022),normal
Frankie Fearis,casting assistant (8 episodes 2022),vegetarian
Olissa Rogers,casting associate: Jenna Ortega (8 episodes 2022),vegetarian
Chandra Ruegg,casting associate (8 episodes 2022),vegetarian
Fiona Weir,casting: Jenna Ortega (8 episodes 2022),normal
Sarah Wilson,casting associate (8 episodes 2022),flexitarian
Maddalena Zuppetta,casting assistant (8 episodes 2022),vegetarian
George Ludlow,casting associate (3 episodes 2022),flexitarian
Ioana Albaiu,wardrobe supervisor (8 episodes 2022),flexitarian
Madalina Anton,breakdown artist (8 episodes 2022),vegetarian
Mattia Bionda,principal costume cutter (8 episodes 2022),vegetarian
Mariana Bujoi,costumer (8 episodes 2022),normal
Maria Ciucanu,wardrobe mistress (8 episodes 2022),vegetarian
Ylenia Comerci,principal seamstress (8 episodes 2022),flexitarian
Lavinia Dedu,set costumer (8 episodes 2022),normal
Constantinescu Denisa,wardrobe assistant (8 episodes 2022),vegetarian
Andreea Dinu,principal standby (8 episodes 2022),flexitarian
Maria Endara,senior costume maker (8 episodes 2022),vegetarian
Cristina Ghergheli,set costumer (8 episodes 2022),flexitarian
Megan Howell,senior costume maker (8 episodes 2022),normal
Daniela Ilin,set costumer (8 episodes 2022),flexitarian
Benjamin Ip,costume concept artist (8 episodes 2022),normal
Ana Lazar,wardrobe assistant (8 episodes 2022),normal
Paula Lazaroni,breackdown artist (8 episodes 2022),vegetarian
Twan Lentjes,principal costume maker (8 episodes 2022),vegetarian
Ioana Mihailescu,wardrobe assistant / crowd standby costumer / crowd stand-by costumer (8 episodes 2022),flexitarian
Alessio O'Driscoll,principle costume cutter (8 episodes 2022),flexitarian
Ioana Somanescu,principal standby (8 episodes 2022),vegetarian
Bobby Soutar,assistant costume designer (8 episodes 2022),flexitarian
Mark Sutherland,costume co-designer (8 episodes 2022),normal
Beth Tilley,senior costume maker (8 episodes 2022),flexitarian
Jess Willcock-Stow,junior assistant costume designer / junior assistant costume designerr (8 episodes 2022),normal
Elizabeta Zainea,wardrobe assistant (8 episodes 2022),vegetarian
Marta Airoli,principal seamstress (5 episodes 2022),vegetarian
Ian Frazer Wallace,principle cutter (5 episodes 2022),vegetarian
Adina Bucur,costume supervisor (4 episodes 2022),vegetarian
Claudia Littlefield,costume supervisor (3 episodes 2022),normal
Alina Caprian,additional costumer (1 episode 2022),flexitarian
Madison D'Urbano,post-production assistant: Marc Graue Recording Studios (8 episodes 2022),flexitarian
Bogdan Geambasu,dailies operator (8 episodes 2022),flexitarian
Katherine Hul,post production supervisor (8 episodes 2022),flexitarian
Razvan Ilinca,assistant editor (8 episodes 2022),vegetarian
Tom Mayclim,data manager: Company 3 (8 episodes 2022),normal
Ian Passy,Color Assistant (8 episodes 2022),flexitarian
Sebastian Plamadeala,dailies supervisor (8 episodes 2022),flexitarian
Carmen Rizac,dailies coordinator (8 episodes 2022),vegetarian
Joanne Rourke,senior colorist (7 episodes 2022),normal
Alexandru Stoica,dailies operator (8 episodes 2022),normal
Ian Sullivan,finishing accountant (8 episodes 2022),vegetarian
Lavinia Terletchi,assistant editor (8 episodes 2022),normal
Viktorija Tupikaite,data i/o operator (8 episodes 2022),normal
Motassem Younes,on-line editor (8 episodes 2022),vegetarian
Galina Chakarova,first assistant editor (4 episodes 2022),vegetarian
Mihai Cosmin Popa,first assistant editor (4 episodes 2022),flexitarian
Paul G. Day,additional editor (1 episode 2022),normal
Cristi Dogaru,assistant location manager (8 episodes 2022),normal
Calin Hagima,location manager (8 episodes 2022),flexitarian
Tracey Savein,location scout (8 episodes 2022),flexitarian
Alex Molea,supervising location manager (4 episodes 2022),flexitarian
Mircea Paraschiv,location manager (4 episodes 2022),normal
Florin Patrascu,assistant location manager (4 episodes 2022),normal
Chris Bacon,composer: additional music (8 episodes 2022),vegetarian
Sarah Chapeck,music coordinator (8 episodes 2022),vegetarian
Norbert Elek,music preparation (8 episodes 2022),vegetarian
Danny Elfman,theme music composer (8 episodes 2022),flexitarian
Peter Kohrman,technical score engineer (8 episodes 2022),normal
Jen Malone,music supervisor (8 episodes 2022),vegetarian
Mandy Mamlet,music executive (8 episodes 2022),vegetarian
 lveti M ty s,cello solos by (8 episodes 2022),normal
Michael T. Ryan,music editor (8 episodes 2022),flexitarian
B lint Sapszon,contractor for Budapest Scoring (8 episodes 2022),normal
Viktor Szab ,recording engineer (8 episodes 2022),vegetarian
Nicole Weisberg,music supervisor (8 episodes 2022),vegetarian
Shachar Boussani,score mix assistant (6 episodes 2022),vegetarian
Robert Litton,orchestrator (6 episodes 2022),normal
Noah Scot Snyder,music scoring mixer (6 episodes 2022),flexitarian
Esin Aydingoz,arranger (3 episodes 2022),normal
Hemanth965,orchestrator: theme melody (3 episodes 2022),flexitarian
Steve Bartek,orchestrator (2 episodes 2022),flexitarian
Bence Bob k,score engineer (2 episodes 2022),flexitarian
David G. Russell,conforming (2 episodes 2022),flexitarian
Greg Hayes,music scoring mixer (1 episode 2022),flexitarian
Bri Holland,singer (1 episode 2022),flexitarian
Alfredo Pasquel,score mix assistant (1 episode 2022),normal
Cristina B lea,assistant script supervisor (8 episodes 2022),flexitarian
Monica Tatu,script supervisor (8 episodes 2022),normal
Daniel Sipocz,service driver (8 episodes 2022),vegetarian
Pal Szil rd Levente,unit driver (8 episodes 2022),flexitarian
Priscila Amescua-Mendez,Support to co executive producer (8 episodes 2022),normal
Dogaru Silviu Andrei,unit production assistant / unit set assistant (8 episodes 2022),vegetarian
Aaron Becker,main title design (8 episodes 2022),flexitarian
Gergo Benkoczy,dog trainer (8 episodes 2022),flexitarian
Dascalu Bogdan,unit production assistant (8 episodes 2022),vegetarian
Teo Bostanica,unit manager (8 episodes 2022),normal
Alexandra Cranga,petty cash accountant (8 episodes 2022),flexitarian
Razvana Cristescu,first assistant accountant (8 episodes 2022),vegetarian
Claudia Dediu,producer's assistant (8 episodes 2022),flexitarian
Penny Dyer,dialect coach (8 episodes 2022),vegetarian
Zoltan Horkai,head animal trainer (8 episodes 2022),vegetarian
Ana Ineni,production secretary (8 episodes 2022),normal
Emanuel Gabriel Ion,testing coordinator assistant (8 episodes 2022),flexitarian
Gavriloaia Irina,assistant contracts coordinator (8 episodes 2022),vegetarian
Peter Ivanyi,head animal trainer (8 episodes 2022),normal
Austin Kircher,post-production accountant (8 episodes 2022),normal
Christopher Landry,epk host (8 episodes 2022),flexitarian
Nelson Moses Lassiter,production administration assistant (8 episodes 2022),flexitarian
Ioana Macarie,choreographer (8 episodes 2022),vegetarian
Cosmin Manea,payroll accountant (8 episodes 2022),normal
Elle McAlpine,intimacy coordinator (8 episodes 2022),vegetarian
Troy James Miller,titles producer: Filmograph (8 episodes 2022),normal
Dan Mirea,unit operations (8 episodes 2022),flexitarian
Ioana Mititelu,assistant production coordinator (8 episodes 2022),flexitarian
Kristine Popovici,office production assistant (8 episodes 2022),vegetarian
Aurel Nicolae Radu,assistant accountant (8 episodes 2022),vegetarian
Olesea Railean,production accountant (8 episodes 2022),flexitarian
Adrian Sabau,production coordinator (8 episodes 2022),normal
Iulia Anamaria Sima,contracts coordinator (8 episodes 2022),flexitarian
Daniela Soare,production assistant (8 episodes 2022),normal
Adam M. Stone,product placement coordinator (8 episodes 2022),normal
Cat Stone,product placement coordinator (8 episodes 2022),normal
Georgiana Tamaga,travel coordinator (8 episodes 2022),vegetarian
Logi Thorvaldsson,actors assistant (8 episodes 2022),flexitarian
Toria Turner,executive assistant (8 episodes 2022),normal
Tony Wright,international liaison (8 episodes 2022),flexitarian
Bianca Bumbacea,basecamp runner (7 episodes 2022),flexitarian
Lindsay Moffat,production accountant (4 episodes 2022),flexitarian
Gunnar Sizemore,adr voice actor (4 episodes 2022),normal
Bacula Sorin,caterer (3 episodes 2022),flexitarian
Monica Adam,petty cash (2 episodes 2022),vegetarian
Liliana Chomsky,adr loop group (2 episodes 2022),flexitarian
Vanessa Coffey,intimacy coordinator (2 episodes 2022),normal
Marius Florescu,covid supervisor (2 episodes 2022),vegetarian
Marilyn Lindsay,prep accountant (2 episodes 2022),flexitarian
Rhidian Bridge,covid supervisor (1 episode 2022),flexitarian
Bianca Bumvacea,basecamp runner (1 episode 2022),normal
Luke Carroll,production secretary: additional photography (1 episode 2022),normal
Ahmed El-Gallad,writer (1 episode 2022),normal
Jorge Garcia Castro,consultant (1 episode 2022),vegetarian
Adam Lannon,covid manager (1 episode 2022),normal
Sarah McGuinness,dialect coach: James Clay Caroline Lawrie (1 episode 2022),flexitarian
Annabel Wilkin,first assistant accountant: UK (1 episode 2022),flexitarian
Eugene Shawn,assistant (uncredited) (8 episodes 2022),vegetarian
Ana Duarte,assistant to casting director (uncredited) (1 episode 2022),vegetarian
Isaac Sunderland,covid coordinator (uncredited) (1 episode 2022),normal
Jennifer Davis,actor/actress,flexitarian
Joseph Wilson,actor/actress,vegetarian
Michael Miller,actor/actress,flexitarian
William Taylor,actor/actress,vegetarian
David Taylor,actor/actress,flexitarian
Barbara Moore,actor/actress,flexitarian
Robert Taylor,actor/actress,flexitarian
Jennifer Williams,actor/actress,vegetarian
Sarah Moore,actor/actress,flexitarian
Patricia Brown,actor/actress,vegetarian
Thomas Miller,actor/actress,normal
Barbara Brown,actor/actress,normal
Karen Miller,actor/actress,normal
James Taylor,actor/actress,flexitarian
Jennifer Jones,actor/actress,flexitarian
Karen Williams,actor/actress,flexitarian
Charles Moore,actor/actress,flexitarian
Thomas Williams,actor/actress,vegetarian
Jessica Smith,actor/actress,normal
John Wilson,actor/actress,vegetarian
Karen Johnson,actor/actress,flexitarian
Susan Johnson,actor/actress,vegetarian
Linda Davis,actor/actress,flexitarian
Joseph Taylor,actor/actress,flexitarian
Robert Moore,actor/actress,vegetarian
Robert Taylor,actor/actress,normal
Elizabeth Davis,actor/actress,flexitarian
Sarah Brown,actor/actress,flexitarian
Richard Moore,actor/actress,normal
Mary Smith,actor/actress,normal
Michael Taylor,actor/actress,flexitarian
Robert Williams,actor/actress,normal
Elizabeth Taylor,actor/actress,vegetarian
William Wilson,actor/actress,vegetarian
Linda Taylor,actor/actress,vegetarian
Linda Smith,actor/actress,normal
Michael Davis,actor/actress,vegetarian
Linda Taylor,actor/actress,vegetarian
Thomas Davis,actor/actress,vegetarian
William Miller,actor/actress,flexitarian
Susan Davis,actor/actress,flexitarian
Susan Miller,actor/actress,flexitarian
Joseph Taylor,actor/actress,normal
David Moore,actor/actress,vegetarian
John Smith,actor/actress,flexitarian
Jessica Moore,actor/actress,flexitarian
Karen Moore,actor/actress,normal
Jessica Johnson,actor/actress,normal
Elizabeth Jones,actor/actress,vegetarian
Joseph Wilson,actor/actress,flexitarian
Karen Moore,actor/actress,vegetarian
Barbara Miller,actor/actress,vegetarian
William Williams,actor/actress,vegetarian
Joseph Taylor,actor/actress,flexitarian
Robert Smith,actor/actress,vegetarian
David Taylor,actor/actress,flexitarian
Mary Williams,actor/actress,flexitarian
Richard Moore,actor/actress,normal
Jennifer Smith,actor/actress,flexitarian
Charles Miller,actor/actress,vegetarian
David Davis,actor/actress,normal
Jessica Miller,actor/actress,normal
Linda Moore,actor/actress,vegetarian
James Williams,actor/actress,flexitarian
Michael Jones,actor/actress,flexitarian
Charles Davis,actor/actress,normal
Sarah Miller,actor/actress,flexitarian
Elizabeth Jones,actor/actress,flexitarian
Mary Moore,actor/actress,flexitarian
Patricia Johnson,actor/actress,flexitarian
Jessica Williams,actor/actress,normal
Elizabeth Jones,actor/actress,normal
Jessica Taylor,actor/actress,vegetarian
Barbara Brown,actor/actress,normal
Charles Smith,actor/actress,normal
Richard Brown,actor/actress,vegetarian
Robert Brown,actor/actress,normal
Barbara Brown,actor/actress,flexitarian
Susan Wilson,actor/actress,normal
Charles Moore,actor/actress,normal
John Miller,actor/actress,normal
William Davis,actor/actress,flexitarian
Michael Moore,actor/actress,flexitarian
Mary Jones,actor/actress,flexitarian
John Wilson,actor/actress,vegetarian
Jennifer Wilson,actor/actress,vegetarian
William Miller,actor/actress,normal
Mary Brown,actor/actress,normal
Charles Smith,actor/actress,normal
Karen Wilson,actor/actress,normal
Mary Wilson,actor/actress,normal
Susan Williams,actor/actress,flexitarian
Jessica Wilson,actor/actress,flexitarian
Susan Williams,actor/actress,flexitarian
Michael Brown,actor/actress,normal
Elizabeth Johnson,actor/actress,normal
Charles Davis,actor/actress,vegetarian
Jennifer Williams,actor/actress,normal
Sarah Davis,actor/actress,normal
Sarah Taylor,actor/actress,vegetarian
Jennifer Taylor,actor/actress,flexitarian
Michael Johnson,actor/actress,vegetarian
Patricia Johnson,actor/actress,normal
William Wilson,actor/actress,flexitarian
Jessica Johnson,actor/actress,normal
Linda Taylor,actor/actress,normal
Karen Brown,actor/actress,flexitarian
James Jones,actor/actress,flexitarian
Jennifer Wilson,actor/actress,normal
James Jones,actor/actress,normal
Susan Williams,actor/actress,normal
Sarah Williams,actor/actress,normal
Charles Smith,actor/actress,normal
Sarah Wilson,actor/actress,flexitarian
Michael Brown,actor/actress,vegetarian
Charles Moore,actor/actress,normal
Barbara Brown,actor/actress,flexitarian
Linda Brown,actor/actress,vegetarian
John Moore,actor/actress,flexitarian
Jennifer Johnson,actor/actress,vegetarian
Joseph Taylor,actor/actress,flexitarian
James Miller,actor/actress,normal
Sarah Wilson,actor/actress,flexitarian
Charles Jones,actor/actress,flexitarian
Mary Smith,actor/actress,flexitarian
Linda Miller,actor/actress,flexitarian
David Davis,actor/actress,vegetarian
Richard Davis,actor/actress,normal
Linda Brown,actor/actress,normal
Karen Smith,actor/actress,normal
William Smith,actor/actress,normal
Mary Jones,actor/actress,normal
